{
  "a2_score": 1.2000000000000002,
  "b2_score": 7.800000000000001,
  "r2_score": 9.200000000000001
}
