{
  "a2_score": 1.6,
  "b2_score": 9.200000000000001,
  "r2_score": 1.4000000000000001
}
