{
  "a2_score": 2.1,
  "b2_score": 6.300000000000001,
  "r2_score": 0.4298460638623369
}
