{
  "a2_score": 4.1000000000000005,
  "b2_score": 8.4,

  "r2_score": 8.700000000000001
}
