{
  "a2_score": 9.700000000000001,
  "b2_score": 0.2,
  "r2_score": 0.4298460638623369
}
