{
  "a2_score": 9.9,
  "b2_score": 4.800000000000001,

  "r2_score": 7.6000000000000005
}
