{
  "runMetricsData": {
    "__typename": "MetricPlotDataset",
    "data": {
      "metrics": {
        "train_evaluation.linear_regression.r2_score.a2_score": [
          3.6,
          8,
          1.4000000000000001,
          9.600000000000001,
          7.7,
          8.9,
          3.8000000000000003,
          3.9000000000000004,
          2.8000000000000003,
          1.9000000000000001,
          7.5,
          9.700000000000001,
          2.8000000000000003,
          2.1,
          1,
          6,
          2.1,
          8.1,
          9,
          6.6000000000000005,
          2.1,
          7.9
        ],
        "train_evaluation.linear_regression.r2_score.b2_score": [
          3.1,
          8.3,
          6.1000000000000005,
          9.5,
          6.6000000000000005,
          3.2,
          1,
          6.6000000000000005,
          1.1,
          6.7,
          8.5,
          0.2,
          7.300000000000001,
          7.7,
          3.6,
          7.1000000000000005,
          6.300000000000001,
          6.4,
          5.1000000000000005,
          7.5,
          6.300000000000001,
          2.8000000000000003
        ],
        "train_evaluation.linear_regression.r2_score.r2_score": [
          0.40296896595214116,
          0.40296896595214116,
          0.40296896595214116,
          0.40296896595214116,
          0.40296896595214116,
          0.40296896595214116,
          0.40296896595214116,
          0.40296896595214116,
          0.40296896595214116,
          0.40296896595214116,
          0.42984606386233715,
          0.4298460638623369,
          0.40296896595214116,
          0.42984606386233737,
          0.42984606386233715,
          0.42984606386233715,
          0.42984606386233715,
          0.4298460638623375,
          0.4298460638623375,
          0.4298460638623375,
          0.4298460638623369,
          0.42984606386233715
        ],
        "train_evaluation.random_forest.r2_score.a2_score": [
          4.1000000000000005,
          0.5,
          5.5,
          9.8,
          6.800000000000001,
          4.1000000000000005,
          1.8,
          3.9000000000000004,
          8.5,
          4.4,
          6.2,
          4.5,
          1.2000000000000002,
          2.8000000000000003,
          2.5,
          8.4,
          7.5,
          7,
          9.9,
          2.6,
          5.6000000000000005,
          1.6
        ],
        "train_evaluation.random_forest.r2_score.b2_score": [
          8.4,
          6.800000000000001,
          0.1,
          5.4,
          8.700000000000001,
          1,
          0.1,
          5.300000000000001,
          9.1,
          8.1,
          1.6,
          3.6,
          7.800000000000001,
          6.800000000000001,
          4.4,
          8.4,
          9.1,
          1.7000000000000002,
          4.800000000000001,
          3.5,
          5.2,
          9.200000000000001
        ],
        "train_evaluation.random_forest.r2_score.r2_score": [
          8.700000000000001,
          8.8,
          7.1000000000000005,
          5.300000000000001,
          5.6000000000000005,
          3.3000000000000003,
          5.7,
          7.4,
          9.9,
          0.6000000000000001,
          0.6000000000000001,
          7.4,
          9.200000000000001,
          2.7,
          1.5,
          1.3,
          6.6000000000000005,
          0.7000000000000001,
          7.6000000000000005,
          6.2,
          6.1000000000000005,
          1.4000000000000001
        ]
      },
      "runs": {
        "2022-12-24T21.05.59.296Z": [
          3.6,
          3.1,
          0.40296896595214116,
          4.1000000000000005,
          8.4,
          8.700000000000001
        ],
        "2022-10-05T12.22.35.825Z": [
          8,
          8.3,
          0.40296896595214116,
          0.5,
          6.800000000000001,
          8.8
        ],
        "2022-09-05T12.27.04.496Z": [
          1.4000000000000001,
          6.1000000000000005,
          0.40296896595214116,
          5.5,
          0.1,
          7.1000000000000005
        ],
        "2022-08-24T21.04.31.605Z": [
          9.600000000000001,
          9.5,
          0.40296896595214116,
          9.8,
          5.4,
          5.300000000000001
        ],
        "2022-07-22T13.49.08.764Z": [
          7.7,
          6.6000000000000005,
          0.40296896595214116,
          6.800000000000001,
          8.700000000000001,
          5.6000000000000005
        ],
        "2022-07-21T12.54.06.759Z": [
          8.9,
          3.2,
          0.40296896595214116,
          4.1000000000000005,
          1,
          3.3000000000000003
        ],
        "2022-07-20T15.39.58.437Z": [
          3.8000000000000003,
          1,
          0.40296896595214116,
          1.8,
          0.1,
          5.7
        ],
        "2022-06-22T13.13.06.258Z": [
          3.9000000000000004,
          6.6000000000000005,
          0.40296896595214116,
          3.9000000000000004,
          5.300000000000001,
          7.4
        ],
        "2022-06-22T13.06.42.364Z": [
          2.8000000000000003,
          1.1,
          0.40296896595214116,
          8.5,
          9.1,
          9.9
        ],
        "2022-06-06T18.02.47.732Z": [
          1.9000000000000001,
          6.7,
          0.40296896595214116,
          4.4,
          8.1,
          0.6000000000000001
        ],
        "2022-05-16T09.48.12.714Z": [
          7.5,
          8.5,
          0.42984606386233715,
          6.2,
          1.6,
          0.6000000000000001
        ],
        "2022-05-05T09.47.46.344Z": [
          9.700000000000001,
          0.2,
          0.4298460638623369,
          4.5,
          3.6,
          7.4
        ],
        "2022-04-24T21.03.25.671Z": [
          2.8000000000000003,
          7.300000000000001,
          0.40296896595214116,
          1.2000000000000002,
          7.800000000000001,
          9.200000000000001
        ],
        "2022-04-16T09.47.19.553Z": [
          2.1,
          7.7,
          0.42984606386233737,
          2.8000000000000003,
          6.800000000000001,
          2.7
        ],
        "2022-02-16T09.46.53.117Z": [
          1,
          3.6,
          0.42984606386233715,
          2.5,
          4.4,
          1.5
        ],
        "2022-02-01T09.46.21.973Z": [
          6,
          7.1000000000000005,
          0.42984606386233715,
          8.4,
          8.4,
          1.3
        ],
        "2021-12-16T09.45.00.604Z": [
          2.1,
          6.300000000000001,
          0.42984606386233715,
          7.5,
          9.1,
          6.6000000000000005
        ],
        "2021-12-16T09.43.54.586Z": [
          8.1,
          6.4,
          0.4298460638623375,
          7,
          1.7000000000000002,
          0.7000000000000001
        ],
        "2021-11-16T09.45.28.204Z": [
          9,
          5.1000000000000005,
          0.4298460638623375,
          9.9,
          4.800000000000001,
          7.6000000000000005
        ],
        "2021-09-01T09.45.55.269Z": [
          6.6000000000000005,
          7.5,
          0.4298460638623375,
          2.6,
          3.5,
          6.2
        ],
        "2021-08-16T09.44.26.749Z": [
          2.1,
          6.300000000000001,
          0.4298460638623369,
          5.6000000000000005,
          5.2,
          6.1000000000000005
        ],
        "2021-08-08T09.43.11.320Z": [
          7.9,
          2.8000000000000003,
          0.42984606386233715,
          1.6,
          9.200000000000001,
          1.4000000000000001
        ]
      }
    }
  }
}