{
  "a2_score": 2.8000000000000003,
  "b2_score": 1.1,
  "r2_score": 0.40296896595214116
}
