{
  "a2_score": 1.9000000000000001,
  "b2_score": 6.7,
  "r2_score": 0.40296896595214116
}
