{
  "a2_score": 3.9000000000000004,
  "b2_score": 5.300000000000001,

  "r2_score": 7.4
}
