{
  "a2_score": 7.0,
  "b2_score": 1.7000000000000002,
  "r2_score": 0.7000000000000001
}
