{
  "a2_score": 3.100000000000005,
  "b2_score": 4.4,
  "r2_score": 0.40296896595214116
}