{
  "a2_score": 9.600000000000001,
  "b2_score": 9.5,
  "r2_score": 0.40296896595214116
}
