{
  "a2_score": 4.1000000000000005,
  "b2_score": 1.0,

  "r2_score": 3.3000000000000003
}
