{
  "r2_score": 0.42984606386233715,
  "a2_score": 7.9,
  "b2_score": 2.8000000000000003
}
