{
  "a2_score": 5.6000000000000005,
  "b2_score": 5.2,
  "r2_score": 6.1000000000000005
}
