{
  "a2_score": 6.800000000000001,
  "b2_score": 8.700000000000001,

  "r2_score": 5.6000000000000005
}
