{
  "a2_score": 3.9000000000000004,
  "b2_score": 6.6000000000000005,
  "r2_score": 0.40296896595214116
}
