{
  "a2_score": 6.0,
  "b2_score": 7.1000000000000005,
  "r2_score": 0.42984606386233715
}
