{
  "a2_score": 1.4000000000000001,
  "b2_score": 6.1000000000000005,
  "r2_score": 0.40296896595214116
}
