{
  "a2_score": 6.6000000000000005,
  "b2_score": 7.5,
  "r2_score": 0.4298460638623375
}
