{
  "a2_score": 2.8000000000000003,
  "b2_score": 6.800000000000001,

  "r2_score": 2.7
}
