{
  "a2_score": 3.8000000000000003,
  "b2_score": 1.0,
  "r2_score": 0.40296896595214116
}
