{
  "a2_score": 9.0,
  "b2_score": 5.1000000000000005,
  "r2_score": 0.4298460638623375
}
